<?xml version="1.0" encoding="utf-8"?>
<!--NSI Web Service v8.19.6.0-->
<message:Structure xmlns:message="http://www.sdmx.org/resources/sdmxml/schemas/v2_1/message" xmlns:structure="http://www.sdmx.org/resources/sdmxml/schemas/v2_1/structure" xmlns:common="http://www.sdmx.org/resources/sdmxml/schemas/v2_1/common">
  <message:Header>
    <message:ID>IDREF761</message:ID>
    <message:Test>false</message:Test>
    <message:Prepared>2024-11-28T02:03:32.7634187+00:00</message:Prepared>
    <message:Sender id="Unknown" />
    <message:Receiver id="Unknown" />
  </message:Header>
  <message:Structures>
    <structure:Codelists>
      <structure:Codelist id="CL_GFS_TABLES" agencyID="SBS" version="1.0" isFinal="false">
        <common:Name xml:lang="en">Codelist for GFS tables</common:Name>
        <structure:Code id="GFS_TABLE1">
          <common:Name xml:lang="en">Government Finance Statistics, Table 1: Statement of Government Operations</common:Name>
        </structure:Code>
        <structure:Code id="GFS_TABLE2">
          <common:Name xml:lang="en">Government Finance StatisticsTable 2: Revenue by Type</common:Name>
        </structure:Code>
        <structure:Code id="GFS_TABLE3">
          <common:Name xml:lang="en">Government Finance StatisticsTable 3: Expense by Type</common:Name>
        </structure:Code>
        <structure:Code id="GFS_TABLE4">
          <common:Name xml:lang="en">Government Finance StatisticsTable 4: Statement of Assets and Liabilities</common:Name>
        </structure:Code>
        <structure:Code id="GFS_TABLE5">
          <common:Name xml:lang="en">Government Finance StatisticsTable 5: Expenditure by Function of Government</common:Name>
        </structure:Code>
        <structure:Code id="GFS_TABLE6">
          <common:Name xml:lang="en">Government Finance StatisticsTable 6: Quarterly Government Debt</common:Name>
        </structure:Code>
      </structure:Codelist>
    </structure:Codelists>
  </message:Structures>
</message:Structure>