<?xml version="1.0" encoding="utf-8"?>
<!--NSI Web Service v8.19.6.0-->
<message:Structure xmlns:message="http://www.sdmx.org/resources/sdmxml/schemas/v2_1/message" xmlns:structure="http://www.sdmx.org/resources/sdmxml/schemas/v2_1/structure" xmlns:common="http://www.sdmx.org/resources/sdmxml/schemas/v2_1/common">
  <message:Header>
    <message:ID>IDREF616</message:ID>
    <message:Test>false</message:Test>
    <message:Prepared>2024-11-27T23:04:07.5862931+00:00</message:Prepared>
    <message:Sender id="Unknown" />
    <message:Receiver id="Unknown" />
  </message:Header>
  <message:Structures>
    <structure:Concepts>
      <structure:ConceptScheme id="CS_GFS" agencyID="SBS" version="1.0" isFinal="false">
        <common:Name xml:lang="en">Concept scheme for GFS</common:Name>
        <structure:Concept id="STO">
          <common:Name xml:lang="en">Stocks, Transactions, Other Flows</common:Name>
        </structure:Concept>
      </structure:ConceptScheme>
    </structure:Concepts>
  </message:Structures>
</message:Structure>