<?xml version="1.0" encoding="utf-8"?>
<!--NSI Web Service v8.19.6.0-->
<message:Structure xmlns:message="http://www.sdmx.org/resources/sdmxml/schemas/v2_1/message" xmlns:structure="http://www.sdmx.org/resources/sdmxml/schemas/v2_1/structure" xmlns:common="http://www.sdmx.org/resources/sdmxml/schemas/v2_1/common">
  <message:Header>
    <message:ID>IDREF721</message:ID>
    <message:Test>false</message:Test>
    <message:Prepared>2024-11-28T01:08:59.1892064+00:00</message:Prepared>
    <message:Sender id="Unknown" />
    <message:Receiver id="Unknown" />
  </message:Header>
  <message:Structures>
    <structure:Categorisations>
      <structure:Categorisation id="CAT_SBS__GFS_TABLE6__1_0@SBS__TOPICS__1_0__ECO_GFS" agencyID="SBS" version="1.0" isFinal="false">
        <common:Name xml:lang="en">Government Finance StatisticsTable 6: Quarterly Government Debt</common:Name>
        <structure:Source>
          <Ref id="GFS_TABLE6" version="1.0" agencyID="SBS" package="datastructure" class="Dataflow" />
        </structure:Source>
        <structure:Target>
          <Ref id="ECO.GFS" maintainableParentID="TOPICS" maintainableParentVersion="1.0" agencyID="SBS" package="categoryscheme" class="Category" />
        </structure:Target>
      </structure:Categorisation>
    </structure:Categorisations>
  </message:Structures>
</message:Structure>